Open,High,Low,Close,Volume,Date
42652.0,43196.0,42072.0,43120.0,1007.78173731,2024-01-01
43147.0,45922.0,43109.0,45170.0,4182.23676495,2024-01-02
45185.0,45510.0,41454.0,42265.0,4217.26202179,2024-01-03
42284.0,44357.0,42176.0,44094.0,2576.69849879,2024-01-04
44095.0,44795.0,42500.0,43626.0,3263.03057976,2024-01-05
43641.0,44366.0,43440.0,44031.0,1436.65894695,2024-01-06
44032.0,44500.0,43688.0,44138.0,1481.63032368,2024-01-07
44123.0,47021.0,43213.0,47007.0,3453.6248656,2024-01-08
47008.0,47281.0,45496.0,46657.0,2781.28547612,2024-01-09
46656.0,47897.0,44304.0,46549.0,3882.73607406,2024-01-10
46573.0,49048.0,44900.0,46592.0,5778.68454093,2024-01-11
46606.0,47014.0,43155.0,43424.0,4167.59949269,2024-01-12
43422.0,44011.0,41509.0,42794.0,2647.69340055,2024-01-13
42823.0,43060.0,42559.0,42882.0,742.0930644700001,2024-01-14
42886.0,43324.0,41680.0,42979.0,1918.1970632,2024-01-15
42948.0,43398.0,42056.0,43005.0,2108.59387026,2024-01-16
43016.0,43566.0,42172.0,42568.0,1774.87668222,2024-01-17
42568.0,42871.0,41325.0,41440.0,1998.35022831,2024-01-18
41447.0,41932.0,40258.0,41761.0,2809.97635965,2024-01-19
41766.0,42152.0,41428.0,41582.0,1017.02510929,2024-01-20
41585.0,41854.0,41519.0,41666.0,570.30598964,2024-01-21
41664.0,41778.0,40036.0,40262.0,2071.47574003,2024-01-22
40260.0,40496.0,38505.0,39079.0,3117.85667245,2024-01-23
39085.0,40515.0,38984.0,39754.0,2725.70383709,2024-01-24
39742.0,40278.0,39461.0,39822.0,2260.49094759,2024-01-25
39821.0,42194.0,39607.0,42117.0,3558.17298726,2024-01-26
42105.0,42233.0,41396.0,41797.0,1203.74162928,2024-01-27
41803.0,42824.0,41786.0,41967.0,1227.89939509,2024-01-28
41963.0,43295.0,41629.0,43022.0,2167.32647065,2024-01-29
43019.0,43853.0,42982.0,43372.0,1784.66664154,2024-01-30
43374.0,43799.0,42340.0,43500.0,2757.25952483,2024-01-31
43500.0,43544.0,41859.0,42838.0,2917.34464373,2024-02-01
42838.0,43451.0,42538.0,42901.0,2193.79885106,2024-02-02
42900.0,43352.0,42876.0,43058.0,802.16229679,2024-02-03
43051.0,43097.0,42716.0,42779.0,522.4991448,2024-02-04
42770.0,43515.0,42243.0,42678.0,2029.18868397,2024-02-05
42686.0,43366.0,42288.0,43176.0,1690.87403824,2024-02-06
43180.0,43674.0,42764.0,43625.0,1380.22050169,2024-02-07
43630.0,45522.0,43412.0,45283.0,3004.57519809,2024-02-08
45305.0,48201.0,45230.0,47630.0,3322.97075236,2024-02-09
47600.0,47729.0,46894.0,47353.0,1092.70138553,2024-02-10
47353.0,48601.0,47321.0,48295.0,1304.74195939,2024-02-11
48294.0,50333.0,47720.0,49745.0,2220.68525504,2024-02-12
49742.0,50385.0,48325.0,49126.0,2184.48786241,2024-02-13
49125.0,52093.0,48929.0,51475.0,2584.32816353,2024-02-14
51483.0,52884.0,51236.0,52003.0,2382.00873806,2024-02-15
51997.0,52600.0,51364.0,51993.0,2083.82982113,2024-02-16
51992.0,52251.0,50647.0,51278.0,1016.2482037899999,2024-02-17
51283.0,52063.0,51196.0,51805.0,820.30114826,2024-02-18
51814.0,52496.0,51612.0,51934.0,1227.93839539,2024-02-19
51932.0,53015.0,50770.0,51506.0,2122.25008294,2024-02-20
51516.0,52526.0,50611.0,50855.0,2182.23629419,2024-02-21
50838.0,52011.0,50658.0,51700.0,2025.10507561,2024-02-22
51699.0,52049.0,50610.0,51094.0,2126.54227661,2024-02-23
51094.0,51683.0,50519.0,51429.0,880.9666322100001,2024-02-24
51440.0,51870.0,51282.0,51566.0,495.53310930000004,2024-02-25
51571.0,53674.0,50909.0,53644.0,2089.56411651,2024-02-26
53635.0,57449.0,53478.0,57165.0,3684.96240535,2024-02-27
57160.0,64000.0,56613.0,61148.0,5909.90544346,2024-02-28
61130.0,63684.0,59801.0,60775.0,4403.586412,2024-02-29
60791.0,62699.0,60602.0,62362.0,2638.44306462,2024-03-01
62363.0,63265.0,61645.0,62074.0,1383.05186675,2024-03-02
62084.0,63030.0,61402.0,62843.0,1158.31007607,2024-03-03
62865.0,67621.0,62376.0,66673.0,3401.19651229,2024-03-04
66667.0,69210.0,63348.0,64022.0,5771.37485173,2024-03-05
64021.0,67645.0,59313.0,67190.0,5980.26733031,2024-03-06
67170.0,68061.0,65623.0,67705.0,3885.7892195,2024-03-07
67703.0,70184.0,66264.0,68711.0,3889.74649912,2024-03-08
68716.0,69552.0,68032.0,68417.0,1865.8720114999999,2024-03-09
68417.0,69999.0,68297.0,69528.0,1470.66808769,2024-03-10
69529.0,72910.0,67120.0,72044.0,5273.65242896,2024-03-11
72074.0,73054.0,68636.0,71476.0,4189.01755405,2024-03-12
71475.0,73679.0,70564.0,73468.0,3366.36558567,2024-03-13
73484.0,73794.0,68555.0,69339.0,4203.16334675,2024-03-14
69284.0,72415.0,65569.0,68971.0,4775.6950399,2024-03-15
68980.0,70069.0,66639.0,66931.0,1833.25447908,2024-03-16
66879.0,68617.0,64522.0,68526.0,2680.68256359,2024-03-17
68505.0,68902.0,66585.0,66950.0,2896.77957651,2024-03-18
66952.0,68123.0,62323.0,64395.0,4797.01745916,2024-03-19
64382.0,66017.0,60760.0,65792.0,5086.3800046999995,2024-03-20
65786.0,68249.0,64831.0,65264.0,3181.47202006,2024-03-21
65205.0,66631.0,62598.0,63883.0,2623.07461586,2024-03-22
63884.0,66027.0,62332.0,64893.0,1433.57654002,2024-03-23
64961.0,66031.0,63807.0,65846.0,1212.57604712,2024-03-24
65884.0,71099.0,65736.0,71043.0,2829.86428951,2024-03-25
71095.0,71572.0,69257.0,69456.0,2776.21968942,2024-03-26
69456.0,71754.0,68362.0,68595.0,2364.53374044,2024-03-27
68579.0,71587.0,68579.0,70847.0,2115.84293871,2024-03-28
70850.0,71065.0,69073.0,69706.0,1192.90180006,2024-03-29
69702.0,70344.0,69347.0,69946.0,646.47125265,2024-03-30
69904.0,71219.0,69586.0,71034.0,742.07472524,2024-03-31
71088.0,71391.0,68073.0,69713.0,2142.75687836,2024-04-01
69720.0,69915.0,64545.0,66000.0,3139.05551374,2024-04-02
65938.0,66942.0,64511.0,65816.0,2115.18777562,2024-04-03
65831.0,69328.0,65100.0,68498.0,2272.28310751,2024-04-04
68520.0,68767.0,65999.0,67422.0,2361.51976438,2024-04-05
67412.0,68495.0,67378.0,68280.0,655.48729928,2024-04-06
68298.0,70310.0,68200.0,69079.0,1200.39223711,2024-04-07
69073.0,72756.0,68924.0,71738.0,2210.95382434,2024-04-08
71778.0,71984.0,68217.0,69001.0,2272.56046964,2024-04-09
68939.0,70075.0,67482.0,70075.0,2359.43053997,2024-04-10
70075.0,71287.0,69555.0,70489.0,2132.85728092,2024-04-11
70483.0,71236.0,65230.0,66856.0,2842.03924667,2024-04-12
66861.0,67930.0,63803.0,64886.0,2158.73310568,2024-04-13
64759.0,65654.0,61308.0,64206.0,3829.3173473,2024-04-14
64219.0,66900.0,62340.0,63349.0,2961.66703317,2024-04-15
63316.0,63925.0,61654.0,62735.0,2624.81065366,2024-04-16
62717.0,64636.0,59672.0,61004.0,3322.67573639,2024-04-17
60996.0,64182.0,60795.0,63554.0,2407.43929787,2024-04-18
63545.0,65506.0,59629.0,64340.0,3479.80743105,2024-04-19
64341.0,65450.0,63007.0,64895.0,1473.78488945,2024-04-20
64918.0,65710.0,64294.0,64554.0,775.67368325,2024-04-21
64553.0,66855.0,64380.0,66555.0,1880.93232221,2024-04-22
66558.0,67241.0,65837.0,66485.0,1401.00666682,2024-04-23
66485.0,67057.0,63733.0,63939.0,1978.00496062,2024-04-24
63946.0,64910.0,62785.0,64708.0,1815.2352787300001,2024-04-25
64713.0,65286.0,63306.0,63714.0,1373.95045966,2024-04-26
63719.0,64067.0,62405.0,63315.0,843.843382,2024-04-27
63317.0,64310.0,63121.0,63732.0,627.95088606,2024-04-28
63707.0,63718.0,61764.0,62966.0,1490.35080797,2024-04-29
62965.0,64714.0,59068.0,59150.0,2704.52843968,2024-04-30
59160.0,60956.0,56500.0,56893.0,3563.03090145,2024-05-01
56879.0,59579.0,56702.0,59369.0,1647.15822371,2024-05-02
59341.0,62196.0,58672.0,62102.0,2428.62626594,2024-05-03
62100.0,64522.0,61997.0,63927.0,1704.99672033,2024-05-04
63923.0,64625.0,62947.0,63888.0,960.00950169,2024-05-05
63880.0,65513.0,62720.0,63193.0,1547.09565752,2024-05-06
63218.0,64389.0,62818.0,63067.0,1375.19143145,2024-05-07
63043.0,63186.0,61779.0,62154.0,1329.54495,2024-05-08
62147.0,62653.0,60634.0,62442.0,1537.26514205,2024-05-09
62440.0,63876.0,60176.0,60625.0,2290.56636312,2024-05-10
60644.0,61454.0,60442.0,61122.0,580.25832449,2024-05-11
61128.0,61848.0,60600.0,61394.0,509.65957517,2024-05-12
61388.0,63444.0,60758.0,63174.0,1915.36153954,2024-05-13
63166.0,63177.0,61108.0,61559.0,1564.26818184,2024-05-14
61556.0,66461.0,61322.0,66099.0,3250.97124299,2024-05-15
66083.0,66766.0,64598.0,65160.0,2211.5888668,2024-05-16
65214.0,67482.0,65057.0,67083.0,1753.90145002,2024-05-17
67075.0,67391.0,66663.0,66936.0,595.89698675,2024-05-18
66935.0,67654.0,65901.0,66052.0,541.89615941,2024-05-19
66032.0,70121.0,66019.0,70057.0,1885.22973923,2024-05-20
70057.0,71958.0,68949.0,69264.0,2598.68024624,2024-05-21
69241.0,70649.0,69214.0,69599.0,1448.79841625,2024-05-22
69664.0,70024.0,66704.0,67114.0,1866.31666463,2024-05-23
67118.0,69254.0,66343.0,69171.0,1631.42654933,2024-05-24
69110.0,69580.0,68503.0,69149.0,578.34678833,2024-05-25
69170.0,69500.0,68668.0,68868.0,447.73205907,2024-05-26
68864.0,70601.0,68136.0,69187.0,1483.05465322,2024-05-27
69188.0,69803.0,67193.0,68348.0,1997.44539368,2024-05-28
68341.0,68852.0,67109.0,67203.0,1417.6544428,2024-05-29
67199.0,69524.0,67096.0,68644.0,1826.82435397,2024-05-30
68648.0,69010.0,66624.0,67580.0,1927.08024731,2024-05-31
67584.0,67808.0,67387.0,67702.0,328.76631201,2024-06-01
67684.0,68405.0,67281.0,67733.0,578.64587279,2024-06-02
67700.0,70268.0,67548.0,69186.0,2257.7422533,2024-06-03
69190.0,71074.0,68553.0,70446.0,2001.59437213,2024-06-04
70444.0,71759.0,69600.0,71284.0,2026.07231482,2024-06-05
71312.0,71629.0,70439.0,70459.0,1526.04108726,2024-06-06
70451.0,71949.0,68450.0,69228.0,3419.42186889,2024-06-07
69213.0,69538.0,68957.0,69455.0,473.38886689,2024-06-08
69456.0,69840.0,69131.0,69701.0,454.56371397,2024-06-09
69713.0,70167.0,69173.0,69469.0,788.90034744,2024-06-10
69488.0,69664.0,66011.0,67402.0,2484.24868289,2024-06-11
67320.0,70007.0,66911.0,67523.0,2107.80282571,2024-06-12
67543.0,68627.0,66242.0,66568.0,2295.26149874,2024-06-13
66577.0,67314.0,64936.0,65485.0,1759.07794645,2024-06-14
65486.0,66567.0,65432.0,66120.0,1284.68686931,2024-06-15
66113.0,66735.0,65828.0,66500.0,505.51206181,2024-06-16
66501.0,67260.0,65066.0,66642.0,2574.29746001,2024-06-17
66660.0,66722.0,64032.0,64398.0,2157.58451579,2024-06-18
64371.0,65702.0,64149.0,64857.0,1126.87290979,2024-06-19
64855.0,66455.0,64516.0,64988.0,2167.25894413,2024-06-20
65042.0,65144.0,63356.0,64203.0,1622.99616038,2024-06-21
64195.0,64491.0,63807.0,64273.0,394.03210309,2024-06-22
64275.0,64490.0,63898.0,64110.0,417.21944057,2024-06-23
64121.0,64121.0,59026.0,59269.0,3560.9888755,2024-06-24
59272.0,62395.0,58456.0,61984.0,3128.5091102,2024-06-25
62026.0,62458.0,60675.0,60955.0,1375.26222023,2024-06-26
60954.0,62323.0,60561.0,61368.0,1748.53836216,2024-06-27
61380.0,62151.0,59946.0,59969.0,1635.82714248,2024-06-28
59980.0,61114.0,59923.0,60959.0,668.43607069,2024-06-29
60958.0,61995.0,60620.0,61940.0,686.17724456,2024-06-30
61931.0,63794.0,61751.0,63180.0,2194.35150756,2024-07-01
63167.0,63349.0,61731.0,61830.0,1096.76684739,2024-07-02
61902.0,62196.0,59544.0,59630.0,1971.36096209,2024-07-03
59623.0,60430.0,56748.0,58246.0,2309.3687086,2024-07-04
58251.0,58736.0,53550.0,56457.0,3472.43251538,2024-07-05
56454.0,58111.0,56044.0,57868.0,1030.55397215,2024-07-06
57847.0,58488.0,56578.0,57146.0,1042.99585481,2024-07-07
57139.0,58200.0,54296.0,56487.0,3292.94226911,2024-07-08
56493.0,58278.0,56198.0,57859.0,2460.83458253,2024-07-09
57874.0,59459.0,57353.0,57385.0,1739.02730273,2024-07-10
57398.0,59516.0,57072.0,57374.0,2261.10874914,2024-07-11
57370.0,58539.0,56551.0,57607.0,2065.19091172,2024-07-12
57601.0,58969.0,57168.0,58653.0,806.66053435,2024-07-13
58616.0,60423.0,58311.0,59942.0,1767.29923253,2024-07-14
59929.0,63874.0,59906.0,63418.0,3853.04429725,2024-07-15
63435.0,65222.0,62446.0,65202.0,3074.15710875,2024-07-16
65205.0,66129.0,63890.0,64574.0,2234.43536875,2024-07-17
64632.0,65108.0,63227.0,63504.0,1460.5803675500001,2024-07-18
63540.0,67466.0,63303.0,67226.0,3014.04367029,2024-07-19
67213.0,67617.0,66284.0,67261.0,1332.11098747,2024-07-20
67261.0,67727.0,65833.0,67460.0,1637.91629851,2024-07-21
67452.0,68486.0,66583.0,68233.0,2336.04781596,2024-07-22
68276.0,68298.0,65452.0,65547.0,2661.23163601,2024-07-23
65540.0,67112.0,65473.0,65611.0,1674.8435825,2024-07-24
65652.0,66072.0,63424.0,64662.0,2044.35987868,2024-07-25
64674.0,68147.0,64414.0,68013.0,1817.34643023,2024-07-26
68003.0,69404.0,67428.0,68281.0,1240.19215928,2024-07-27
68266.0,69114.0,66637.0,68107.0,1570.10789119,2024-07-28
68108.0,70016.0,66445.0,67279.0,2355.38471865,2024-07-29
67286.0,67540.0,65550.0,65871.0,1534.99359729,2024-07-30
65887.0,66814.0,64934.0,65243.0,1476.02317319,2024-07-31
65228.0,65397.0,62233.0,63389.0,2677.6467501399998,2024-08-01
63340.0,65568.0,62346.0,62551.0,3382.12123065,2024-08-02
62560.0,63126.0,59903.0,60206.0,2102.85102187,2024-08-03
60206.0,61073.0,57155.0,59240.0,2500.50636728,2024-08-04
59240.0,59550.0,49577.0,53483.0,8005.58462715,2024-08-05
53483.0,57058.0,53483.0,56796.0,3874.5091585,2024-08-06
56761.0,57737.0,54675.0,54762.0,3932.11939487,2024-08-07
54726.0,59889.0,54568.0,59462.0,3474.00893783,2024-08-08
59472.0,62729.0,59343.0,60698.0,2739.12259796,2024-08-09
60706.0,61476.0,59964.0,61023.0,1277.40622823,2024-08-10
61026.0,61868.0,59573.0,59631.0,998.63007291,2024-08-11
59634.0,60700.0,57681.0,59051.0,3674.16230813,2024-08-12
59059.0,61600.0,58455.0,60851.0,3051.0691462199998,2024-08-13
60844.0,61809.0,58711.0,58921.0,2774.24314089,2024-08-14
58895.0,59851.0,56707.0,57051.0,3184.30918746,2024-08-15
57062.0,59841.0,56138.0,59695.0,3222.78466968,2024-08-16
59696.0,59738.0,58758.0,59473.0,942.79361472,2024-08-17
59473.0,60271.0,59164.0,59718.0,1255.86142448,2024-08-18
59717.0,59860.0,57844.0,58974.0,2010.88082288,2024-08-19
58982.0,61424.0,58553.0,59473.0,2691.88051795,2024-08-20
59473.0,61655.0,58816.0,61602.0,2155.25012307,2024-08-21
61622.0,61838.0,59774.0,60312.0,2354.13906497,2024-08-22
60303.0,63856.0,60293.0,63700.0,2658.33613574,2024-08-23
63656.0,64988.0,63543.0,64243.0,1877.41314139,2024-08-24
64230.0,64600.0,63594.0,64220.0,738.99187683,2024-08-25
64213.0,65103.0,63098.0,63326.0,1719.64434187,2024-08-26
63340.0,63586.0,61455.0,62059.0,1370.4919904,2024-08-27
62097.0,62099.0,57866.0,58898.0,3887.85820624,2024-08-28
58905.0,61182.0,58665.0,59250.0,2477.83430131,2024-08-29
59265.0,59905.0,57721.0,58703.0,2170.14578872,2024-08-30
58693.0,59431.0,58693.0,58856.0,754.83959722,2024-08-31
58857.0,59118.0,57230.0,58497.0,1501.54721922,2024-09-01
58498.0,58791.0,57131.0,58444.0,1519.67714606,2024-09-02
58460.0,59803.0,57556.0,58021.0,1656.60209563,2024-09-03
58024.0,58518.0,55602.0,58027.0,2183.00949776,2024-09-04
58060.0,58384.0,55788.0,56023.0,1443.0401179,2024-09-05
56039.0,56984.0,53232.0,53484.0,2657.03166703,2024-09-06
53478.0,54839.0,52546.0,54415.0,1236.33134413,2024-09-07
54410.0,54698.0,53636.0,54340.0,1017.66631018,2024-09-08
54340.0,57180.0,54199.0,57103.0,2399.74742829,2024-09-09
57102.0,58070.0,56406.0,57971.0,2310.80061727,2024-09-10
57960.0,58000.0,55554.0,57644.0,3166.73788214,2024-09-11
57611.0,58560.0,57230.0,58380.0,2102.91543779,2024-09-12
58394.0,60670.0,57640.0,60545.0,2853.63991557,2024-09-13
60551.0,60655.0,59438.0,60012.0,744.81553897,2024-09-14
60012.0,60388.0,58708.0,59130.0,1377.74210648,2024-09-15
59121.0,59209.0,57488.0,58212.0,1692.12077561,2024-09-16
58208.0,61331.0,57627.0,60316.0,2676.1688061,2024-09-17
60318.0,61787.0,59189.0,61757.0,3237.8308454,2024-09-18
61765.0,63882.0,61584.0,62940.0,3050.8160287700002,2024-09-19
62950.0,64121.0,62353.0,63211.0,1646.72507369,2024-09-20
63211.0,63574.0,62760.0,63364.0,578.82075001,2024-09-21
63364.0,63990.0,62390.0,63563.0,932.57108331,2024-09-22
63577.0,64730.0,62585.0,63325.0,1113.07851811,2024-09-23
63325.0,64677.0,62720.0,64260.0,1621.50232416,2024-09-24
64291.0,64795.0,62941.0,63147.0,1172.76426267,2024-09-25
63121.0,65851.0,62675.0,65175.0,1758.77420578,2024-09-26
65175.0,66508.0,64840.0,65781.0,1261.81543351,2024-09-27
65781.0,66255.0,65442.0,65876.0,557.50374744,2024-09-28
65875.0,66071.0,65450.0,65601.0,487.19186994,2024-09-29
65605.0,65634.0,62859.0,63302.0,1759.70729545,2024-09-30
63331.0,64122.0,60164.0,60807.0,2797.97709897,2024-10-01
60760.0,62350.0,59972.0,60634.0,2437.72512955,2024-10-02
60627.0,61461.0,59860.0,60745.0,1412.60368684,2024-10-03
60747.0,62473.0,60474.0,62081.0,1394.47802907,2024-10-04
62080.0,62368.0,61699.0,62063.0,449.65424183,2024-10-05
62057.0,62962.0,61816.0,62814.0,846.73208591,2024-10-06
62831.0,64444.0,62130.0,62212.0,1815.26837202,2024-10-07
62211.0,63172.0,61839.0,62133.0,1116.30278349,2024-10-08
62114.0,62503.0,60268.0,60582.0,1354.90943313,2024-10-09
60589.0,61246.0,58867.0,60278.0,1799.4872895600001,2024-10-10
60278.0,63409.0,60041.0,62452.0,1582.70508322,2024-10-11
62511.0,63455.0,62474.0,63194.0,685.69286582,2024-10-12
63193.0,63271.0,62039.0,62849.0,653.16610878,2024-10-13
62850.0,66479.0,62450.0,66070.0,2390.38938585,2024-10-14
66070.0,67922.0,64802.0,67061.0,2488.99178965,2024-10-15
67061.0,68388.0,66744.0,67622.0,1716.95969807,2024-10-16
67608.0,67914.0,66631.0,67392.0,1298.22146294,2024-10-17
67392.0,68998.0,67176.0,68420.0,1434.33126968,2024-10-18
68420.0,68668.0,68020.0,68359.0,414.91156597,2024-10-19
68367.0,69363.0,68102.0,69011.0,606.10309373,2024-10-20
69011.0,69487.0,66815.0,67340.0,1752.72054327,2024-10-21
67345.0,67784.0,66559.0,67382.0,1626.8596456,2024-10-22
67382.0,67409.0,65000.0,66601.0,1927.8417095300001,2024-10-23
66602.0,68800.0,66455.0,68155.0,2140.08818467,2024-10-24
68155.0,68726.0,65521.0,66578.0,2730.81362994,2024-10-25
66576.0,67352.0,66344.0,67003.0,489.32578253,2024-10-26
67009.0,68232.0,66850.0,67938.0,739.97895752,2024-10-27
67937.0,70218.0,67541.0,69918.0,2063.86332457,2024-10-28
69918.0,73600.0,69716.0,72729.0,3975.6902031,2024-10-29
72727.0,72928.0,71313.0,72331.0,2263.68354591,2024-10-30
72330.0,72660.0,69591.0,70231.0,1776.40915493,2024-10-31
70202.0,71596.0,68768.0,69490.0,2717.47179295,2024-11-01
69468.0,69887.0,69015.0,69330.0,1047.12468684,2024-11-02
69339.0,69354.0,67459.0,68738.0,1915.47157334,2024-11-03
68738.0,69444.0,66798.0,67818.0,2538.3408022099998,2024-11-04
67817.0,70538.0,67443.0,69386.0,2370.70518293,2024-11-05
69396.0,76481.0,69284.0,75637.0,7732.00129394,2024-11-06
75638.0,76990.0,74479.0,75921.0,3265.43357289,2024-11-07
75918.0,77270.0,75665.0,76561.0,2466.52573117,2024-11-08
76560.0,76941.0,75648.0,76722.0,837.82745419,2024-11-09
76707.0,81482.0,76554.0,80425.0,2739.76560525,2024-11-10
80426.0,89643.0,80280.0,88770.0,6695.15671543,2024-11-11
88771.0,90243.0,85121.0,88031.0,8037.51453432,2024-11-12
88038.0,93483.0,86263.0,90521.0,7338.0297277,2024-11-13
90498.0,91804.0,86685.0,87333.0,3805.7616409,2024-11-14
87298.0,91909.0,87119.0,91070.0,4491.15106913,2024-11-15
91069.0,91778.0,90100.0,90608.0,1538.87717754,2024-11-16
90643.0,91429.0,88709.0,89861.0,2016.09767635,2024-11-17
89865.0,92624.0,89392.0,90512.0,4276.18821636,2024-11-18
90514.0,94057.0,90407.0,92424.0,3884.88262437,2024-11-19
92434.0,94942.0,91407.0,94373.0,9293.97029198,2024-11-20
94374.0,99121.0,94106.0,98451.0,7280.76958238,2024-11-21
98451.0,99800.0,97236.0,99013.0,4646.09454486,2024-11-22
99010.0,99015.0,97226.0,97775.0,1719.12474462,2024-11-23
97765.0,98660.0,95796.0,98007.0,1814.0075721,2024-11-24
98021.0,98966.0,92584.0,93035.0,2969.54841533,2024-11-25
93006.0,94999.0,90742.0,91928.0,3575.09743077,2024-11-26
91929.0,97353.0,91760.0,95978.0,2999.13415798,2024-11-27
95945.0,96658.0,94670.0,95661.0,2070.2707683,2024-11-28
95670.0,98745.0,95410.0,97512.0,2410.84197795,2024-11-29
97510.0,97510.0,96112.0,96441.0,646.22078077,2024-11-30
96471.0,97880.0,95758.0,97291.0,884.6556605,2024-12-01
97260.0,98200.0,94403.0,95859.0,3225.0210163,2024-12-02
95858.0,96301.0,93590.0,95926.0,3484.90912488,2024-12-03
95926.0,99250.0,94661.0,98773.0,4309.94473587,2024-12-04
98751.0,103647.0,92092.0,97057.0,7450.45018748,2024-12-05
96968.0,102098.0,96463.0,99898.0,2613.21105227,2024-12-06
99898.0,100575.0,99121.0,99929.0,587.87674509,2024-12-07
99969.0,101407.0,98752.0,101204.0,1073.32763391,2024-12-08
101188.0,101271.0,94249.0,97468.0,2468.79283854,2024-12-09
97318.0,98300.0,94306.0,96648.0,2092.49724122,2024-12-10
96658.0,101961.0,95725.0,101201.0,2196.1813751,2024-12-11
101238.0,102582.0,99309.0,100068.0,1393.19342191,2024-12-12
99998.0,101918.0,99250.0,101435.0,1030.49421453,2024-12-13
101433.0,102643.0,100643.0,101382.0,566.5366089,2024-12-14
101408.0,105149.0,101243.0,104427.0,1369.98798554,2024-12-15
104476.0,107821.0,103322.0,106073.0,2171.77263705,2024-12-16
106109.0,108364.0,105363.0,106187.0,1405.93900566,2024-12-17
106187.0,106523.0,99997.0,100153.0,2557.28814854,2024-12-18
100133.0,102747.0,95537.0,97375.0,3425.5015449,2024-12-19
97416.0,98123.0,92118.0,97760.0,2706.24143724,2024-12-20
97745.0,99514.0,96399.0,97211.0,1740.04323929,2024-12-21
97245.0,97376.0,94200.0,95098.0,2075.50874332,2024-12-22
95098.0,96420.0,92389.0,94750.0,2428.60426472,2024-12-23
94750.0,99419.0,93461.0,98596.0,1444.53568991,2024-12-24
98637.0,99478.0,97576.0,99374.0,849.51224828,2024-12-25
99357.0,99881.0,95111.0,95687.0,1501.36776618,2024-12-26
95666.0,97337.0,93282.0,94168.0,2416.24232245,2024-12-27
94159.0,95529.0,94026.0,95139.0,839.50518103,2024-12-28
95139.0,95139.0,92868.0,93557.0,851.80554921,2024-12-29
93564.0,94891.0,91315.0,92628.0,1841.04308392,2024-12-30
92637.0,96117.0,91900.0,93381.0,1128.82793677,2024-12-31
93347.0,94951.0,92768.0,94388.0,777.13942547,2025-01-01
94380.0,97745.0,94205.0,96907.0,1219.19370744,2025-01-02
96895.0,98951.0,96042.0,98133.0,1159.41909795,2025-01-03
98133.0,98753.0,97540.0,98209.0,445.49130336,2025-01-04
98218.0,98799.0,97277.0,98327.0,454.72019157,2025-01-05
98389.0,102514.0,97919.0,102280.0,1742.61289193,2025-01-06
102278.0,102760.0,96130.0,96946.0,1490.59996722,2025-01-07
96922.0,97248.0,92502.0,95065.0,2081.0446275,2025-01-08
95034.0,95333.0,91215.0,92542.0,1877.80058869,2025-01-09
92545.0,95797.0,92227.0,94702.0,1798.96999215,2025-01-10
94702.0,94975.0,93843.0,94568.0,639.87740098,2025-01-11
94573.0,95363.0,93685.0,94497.0,570.97876662,2025-01-12
94498.0,95846.0,89164.0,94505.0,2125.86232734,2025-01-13
94537.0,97339.0,94345.0,96523.0,1477.80944326,2025-01-14
96560.0,100715.0,96474.0,100512.0,1811.81706595,2025-01-15
100512.0,100860.0,97319.0,99975.0,1817.77460574,2025-01-16
99975.0,105932.0,99944.0,104119.0,3087.39708067,2025-01-17
104119.0,104909.0,102238.0,104436.0,1306.42802809,2025-01-18
104432.0,106294.0,99528.0,101237.0,2602.44233467,2025-01-19
101191.0,109356.0,99462.0,102141.0,3921.86906882,2025-01-20
102155.0,107265.0,100087.0,106149.0,3058.41033426,2025-01-21
106149.0,106370.0,103322.0,103632.0,1713.55368827,2025-01-22
103659.0,106848.0,101233.0,103933.0,3790.17304182,2025-01-23
103922.0,107149.0,102754.0,104855.0,1725.23369955,2025-01-24
104855.0,105237.0,104126.0,104738.0,735.89058503,2025-01-25
104741.0,105424.0,102450.0,102573.0,798.34131897,2025-01-26
102573.0,103186.0,97750.0,102090.0,3210.12625421,2025-01-27
102065.0,103745.0,100225.0,101292.0,1721.67321227,2025-01-28
101291.0,104769.0,101288.0,103747.0,1535.93165933,2025-01-29
103768.0,106447.0,103313.0,104738.0,1543.13930195,2025-01-30
104737.0,106046.0,101303.0,102412.0,2016.51235916,2025-01-31
102408.0,102754.0,100270.0,100638.0,785.48911683,2025-02-01
100638.0,101430.0,96168.0,97675.0,1747.97820698,2025-02-02
97670.0,102569.0,91530.0,101457.0,4081.88402077,2025-02-03
101456.0,101785.0,96147.0,97786.0,2068.16739103,2025-02-04
97809.0,99168.0,96181.0,96614.0,1576.92222741,2025-02-05
96614.0,99174.0,95678.0,96573.0,1723.92521071,2025-02-06
96566.0,100185.0,95662.0,96535.0,1936.93167774,2025-02-07
96534.0,96896.0,95700.0,96472.0,615.71243239,2025-02-08
96472.0,97337.0,94726.0,96477.0,1008.66870716,2025-02-09
96533.0,98349.0,95307.0,97469.0,994.10887876,2025-02-10
97465.0,98490.0,94853.0,95754.0,1284.47141085,2025-02-11
95756.0,98144.0,94091.0,97882.0,1476.47049215,2025-02-12
97882.0,98091.0,95249.0,96627.0,857.75893529,2025-02-13
96631.0,98871.0,96300.0,97520.0,1251.2726876,2025-02-14
97515.0,97974.0,97237.0,97591.0,335.74480408,2025-02-15
97591.0,97727.0,96066.0,96132.0,445.57381146,2025-02-16
96066.0,97014.0,95227.0,95772.0,800.63807134,2025-02-17
95779.0,96714.0,93340.0,95612.0,1415.52902397,2025-02-18
95612.0,96866.0,95011.0,96642.0,1420.10472761,2025-02-19
96639.0,98758.0,96439.0,98337.0,1681.57650135,2025-02-20
98335.0,99508.0,94805.0,96131.0,2838.77561898,2025-02-21
96137.0,96967.0,95750.0,96572.0,795.72262624,2025-02-22
96571.0,96666.0,95260.0,96262.0,539.9144753,2025-02-23
96264.0,96492.0,91330.0,91554.0,1692.14741385,2025-02-24
91516.0,92512.0,85953.0,88576.0,4284.62546279,2025-02-25
88573.0,89279.0,82133.0,84071.0,3118.75478282,2025-02-26
84150.0,86988.0,82615.0,84639.0,2559.94908433,2025-02-27
84621.0,85082.0,78197.0,84321.0,3567.36797341,2025-02-28
84316.0,86517.0,83803.0,86033.0,1461.96601707,2025-03-01
86031.0,95152.0,85029.0,94273.0,3153.02965002,2025-03-02
94272.0,94422.0,85069.0,86160.0,2856.70424439,2025-03-03
86161.0,88922.0,81463.0,87240.0,3206.20571035,2025-03-04
87262.0,90993.0,86397.0,90611.0,1832.66540574,2025-03-05
90590.0,92790.0,87835.0,89918.0,2169.68972472,2025-03-06
89922.0,91277.0,84713.0,86759.0,3286.78015466,2025-03-07
86754.0,86861.0,85190.0,86192.0,579.74911104,2025-03-08
86204.0,86469.0,80000.0,80708.0,1710.17938787,2025-03-09
80728.0,84007.0,77393.0,78561.0,2977.79268756,2025-03-10
78599.0,83568.0,76600.0,82869.0,2656.56371178,2025-03-11
82941.0,84437.0,80607.0,83620.0,2469.21846953,2025-03-12
83677.0,84287.0,79910.0,81079.0,1830.00089168,2025-03-13
81084.0,85294.0,80801.0,83975.0,1986.99511377,2025-03-14
83984.0,84449.0,83984.0,84347.0,87.88697147,2025-03-15
84362.0,85059.0,81983.0,82555.0,1178.20234353,2025-03-16
82569.0,84741.0,82466.0,84058.0,1198.89639605,2025-03-17
84058.0,84058.0,81138.0,82715.0,1290.21505333,2025-03-18
82694.0,87010.0,82567.0,86868.0,1926.60953491,2025-03-19
86870.0,87470.0,83631.0,84158.0,1877.13235545,2025-03-20
84179.0,84801.0,83142.0,84061.0,1146.50782993,2025-03-21
84061.0,84490.0,83682.0,83823.0,316.86484991,2025-03-22
83823.0,86116.0,83806.0,86084.0,649.91397891,2025-03-23
86084.0,88772.0,85541.0,87512.0,1888.33413141,2025-03-24
87488.0,88539.0,86321.0,87436.0,2134.77215325,2025-03-25
87448.0,88296.0,85869.0,86913.0,1552.95977276,2025-03-26
86966.0,87755.0,85828.0,87219.0,1289.3728971,2025-03-27
87224.0,87481.0,83544.0,84379.0,1392.33624956,2025-03-28
84384.0,84561.0,81629.0,82608.0,745.3934536,2025-03-29
82608.0,83500.0,81551.0,82359.0,840.38263469,2025-03-30
82367.0,83914.0,81287.0,82538.0,1937.3372797,2025-03-31
82537.0,85530.0,82417.0,85170.0,1504.00240153,2025-04-01
85171.0,88563.0,81188.0,82502.0,2861.64666347,2025-04-02
82477.0,83896.0,81200.0,83132.0,1777.45240819,2025-04-03
83182.0,84708.0,81659.0,83851.0,2005.88282699,2025-04-04
83852.0,84226.0,82358.0,83507.0,518.1818542999999,2025-04-05
83514.0,83741.0,77098.0,78342.0,2165.48130222,2025-04-06
78381.0,81180.0,74434.0,79127.0,4083.99710956,2025-04-07
79134.0,80836.0,76159.0,76244.0,2245.5090104,2025-04-08
76252.0,83565.0,74588.0,82595.0,4038.27621051,2025-04-09
82594.0,82722.0,78424.0,79543.0,1564.07737754,2025-04-10
79558.0,84257.0,78942.0,83384.0,1728.84098877,2025-04-11
83384.0,85892.0,82784.0,85274.0,847.63757574,2025-04-12
85277.0,86084.0,83031.0,83712.0,1210.92223051,2025-04-13
83774.0,85787.0,83680.0,84583.0,1425.88175716,2025-04-14
84583.0,86450.0,83612.0,83686.0,1162.91179825,2025-04-15
83632.0,85528.0,83102.0,84046.0,1593.44839937,2025-04-16
84045.0,85478.0,83751.0,84954.0,1119.58782405,2025-04-17
84954.0,85121.0,84310.0,84468.0,323.24096242,2025-04-18
84466.0,85611.0,84367.0,85069.0,631.49083813,2025-04-19
85074.0,85305.0,83974.0,85198.0,462.80974618,2025-04-20
85197.0,88527.0,85134.0,87505.0,2179.81586603,2025-04-21
87505.0,93928.0,87094.0,93481.0,2859.469206,2025-04-22
93482.0,94700.0,91970.0,93730.0,2423.4269158,2025-04-23
93730.0,94035.0,91700.0,94010.0,1192.7081751,2025-04-24
94010.0,95857.0,92891.0,94726.0,2287.68750103,2025-04-25
94720.0,95249.0,93934.0,94662.0,518.68073079,2025-04-26
94662.0,95353.0,93685.0,93769.0,582.20526798,2025-04-27
93780.0,95633.0,92846.0,95041.0,1571.43868511,2025-04-28
95040.0,95479.0,93775.0,94285.0,877.67378025,2025-04-29
94284.0,95269.0,92946.0,94181.0,1384.2436258,2025-04-30
94181.0,97470.0,94141.0,96535.0,1742.18663518,2025-05-01
96557.0,97938.0,96399.0,96925.0,919.20772116,2025-05-02
96926.0,96956.0,95800.0,95916.0,696.37418877,2025-05-03
95850.0,96295.0,94162.0,94316.0,562.77317581,2025-05-04
94301.0,95198.0,93550.0,94725.0,936.93369617,2025-05-05
94725.0,96895.0,93376.0,96814.0,1074.63503655,2025-05-06
96815.0,97717.0,95823.0,97054.0,1333.27237851,2025-05-07
97059.0,104159.0,96907.0,103261.0,2303.46314389,2025-05-08
103234.0,104332.0,102350.0,102991.0,1336.0859085499999,2025-05-09
102992.0,104985.0,102845.0,104809.0,624.26506624,2025-05-10
104809.0,104958.0,103369.0,104129.0,718.36832309,2025-05-11
104138.0,105706.0,100764.0,102796.0,1914.47205431,2025-05-12
102796.0,104997.0,101471.0,104135.0,1432.50405705,2025-05-13
104126.0,104357.0,102622.0,103531.0,1171.49377037,2025-05-14
103514.0,104184.0,101442.0,103793.0,1339.09330148,2025-05-15
103800.0,104570.0,103137.0,103506.0,994.76037696,2025-05-16
103503.0,103720.0,102668.0,103153.0,459.80988884,2025-05-17
103172.0,106635.0,103149.0,106520.0,905.17939556,2025-05-18
106520.0,107115.0,102126.0,105622.0,1677.9321234,2025-05-19
105630.0,107340.0,104232.0,106855.0,1462.42485262,2025-05-20
106891.0,110730.0,106141.0,109682.0,2430.79413683,2025-05-21
109696.0,112000.0,109252.0,111743.0,1375.74025669,2025-05-22
111742.0,111816.0,106827.0,107329.0,1588.22862639,2025-05-23
107319.0,109501.0,106908.0,107799.0,577.06680579,2025-05-24
107798.0,109383.0,106666.0,109068.0,908.97625311,2025-05-25
109114.0,110461.0,108759.0,109468.0,736.73662452,2025-05-26
109474.0,110789.0,107562.0,108980.0,1296.61250535,2025-05-27
108980.0,109307.0,106804.0,107811.0,1079.82738975,2025-05-28
107821.0,108924.0,105374.0,105578.0,1431.77890157,2025-05-29
105577.0,106329.0,103675.0,104034.0,1224.11022278,2025-05-30
103988.0,104947.0,103127.0,104646.0,483.31138627,2025-05-31
104646.0,105908.0,103832.0,105705.0,648.06747831,2025-06-01
105677.0,106001.0,103708.0,105905.0,941.7313758,2025-06-02
105890.0,106854.0,104947.0,105454.0,924.42389243,2025-06-03
105426.0,106036.0,104219.0,104745.0,791.94847355,2025-06-04
104734.0,105959.0,100426.0,101559.0,1374.3295089,2025-06-05
101558.0,105416.0,101159.0,104393.0,1474.94148302,2025-06-06
104416.0,105959.0,103992.0,105619.0,613.87145578,2025-06-07
105619.0,106507.0,105060.0,105792.0,353.13072588,2025-06-08
105791.0,110587.0,105389.0,110307.0,1163.27877626,2025-06-09
110311.0,110400.0,108403.0,110292.0,920.65276216,2025-06-10
110292.0,110398.0,108113.0,108678.0,717.4883123,2025-06-11
108670.0,108833.0,105731.0,105731.0,855.76506249,2025-06-12
105725.0,106209.0,102816.0,106118.0,1268.16488329,2025-06-13
106117.0,106250.0,104376.0,105464.0,516.90004886,2025-06-14
105475.0,106163.0,104532.0,105617.0,487.58970132,2025-06-15
105612.0,108990.0,105023.0,106829.0,932.05599039,2025-06-16
106853.0,107773.0,103388.0,104584.0,1157.65258947,2025-06-17
104617.0,105566.0,103521.0,104922.0,971.05031921,2025-06-18
104922.0,105254.0,103957.0,104688.0,464.84582604,2025-06-19
104682.0,106521.0,102309.0,103316.0,971.51619457,2025-06-20
103329.0,104013.0,100945.0,102139.0,817.52134527,2025-06-21
102198.0,103387.0,98240.0,101015.0,1366.05281274,2025-06-22
100990.0,106125.0,99705.0,105464.0,1771.47809411,2025-06-23
105418.0,106344.0,104695.0,106131.0,1158.17542632,2025-06-24
106132.0,108182.0,105872.0,107418.0,1202.13073102,2025-06-25
107417.0,108358.0,106640.0,107004.0,791.37974938,2025-06-26
107005.0,107794.0,106351.0,107100.0,1286.60711501,2025-06-27
107100.0,107584.0,106880.0,107348.0,204.99976689,2025-06-28
107353.0,108546.0,107239.0,108384.0,526.42907649,2025-06-29
108389.0,108800.0,106751.0,107179.0,809.671168,2025-06-30
107164.0,107560.0,105280.0,105709.0,918.59180036,2025-07-01
105698.0,109802.0,105130.0,108885.0,910.95167606,2025-07-02
108885.0,110557.0,108586.0,109648.0,902.39480928,2025-07-03
109647.0,109799.0,107303.0,108033.0,607.8822874,2025-07-04
108033.0,108416.0,107811.0,108240.0,219.21691172,2025-07-05
108240.0,109717.0,107858.0,109233.0,420.08244319,2025-07-06
109231.0,109711.0,107520.0,108287.0,708.78251782,2025-07-07
108286.0,109225.0,107471.0,108947.0,676.89664809,2025-07-08
108947.0,112040.0,108352.0,111287.0,1206.49472676,2025-07-09
111318.0,117000.0,110610.0,116031.0,1983.52144626,2025-07-10
116038.0,118839.0,115226.0,117579.0,1872.27005924,2025-07-11
117579.0,118227.0,116971.0,117464.0,657.61118852,2025-07-12
117464.0,119482.0,117256.0,119135.0,699.60199797,2025-07-13
119140.0,123236.0,118972.0,119879.0,2008.67990115,2025-07-14
119862.0,119945.0,115729.0,117769.0,5844.5567311,2025-07-15
117770.0,120086.0,117047.0,118718.0,1446.65793099,2025-07-16
118692.0,121000.0,117506.0,119275.0,1630.82389973,2025-07-17
119275.0,120900.0,116915.0,118022.0,1825.06401069,2025-07-18
118023.0,118553.0,117352.0,117916.0,499.25171162,2025-07-19
117917.0,118896.0,116551.0,117339.0,615.19846734,2025-07-20
117220.0,119682.0,116594.0,117437.0,1334.5015779999999,2025-07-21
117437.0,120297.0,116186.0,120011.0,1298.08983461,2025-07-22
120011.0,120165.0,117376.0,118813.0,980.23169548,2025-07-23
118795.0,119525.0,117201.0,118347.0,1079.42129756,2025-07-24
118400.0,118509.0,114518.0,117653.0,5661.93875187,2025-07-25
117652.0,118340.0,117196.0,117962.0,618.43322749,2025-07-26
117983.0,119798.0,117888.0,119469.0,579.57477524,2025-07-27
119514.0,119826.0,117400.0,118051.0,1062.35423495,2025-07-28
118068.0,119267.0,116928.0,117926.0,1161.32333055,2025-07-29
117926.0,118775.0,115784.0,117834.0,1043.63562888,2025-07-30
117833.0,118904.0,115512.0,115750.0,1022.71220262,2025-07-31
115749.0,116054.0,112680.0,113243.0,2329.78743891,2025-08-01
113243.0,114008.0,111987.0,112522.0,1093.67089437,2025-08-02
112522.0,114774.0,111919.0,114226.0,757.70817537,2025-08-03
114245.0,115732.0,114129.0,115051.0,933.27650923,2025-08-04
115051.0,115106.0,112660.0,114133.0,941.80637472,2025-08-05
114129.0,115729.0,113365.0,115030.0,1202.63711783,2025-08-06
115030.0,117675.0,114280.0,117515.0,1447.58301804,2025-08-07
117515.0,117661.0,115896.0,116675.0,1599.13538797,2025-08-08
116675.0,117929.0,116350.0,116495.0,985.99079289,2025-08-09
116490.0,119310.0,116490.0,119310.0,1018.22600871,2025-08-10
119312.0,122312.0,118043.0,118712.0,2061.10609204,2025-08-11
118711.0,120304.0,118214.0,120107.0,1834.33264903,2025-08-12
120113.0,123715.0,118940.0,123360.0,2624.51093464,2025-08-13
123360.0,124517.0,117201.0,118394.0,2568.14323965,2025-08-14
118393.0,119336.0,116856.0,117446.0,1480.94500475,2025-08-15
117445.0,118057.0,117252.0,117460.0,818.55779223,2025-08-16
117451.0,118626.0,117266.0,117490.0,822.50240192,2025-08-17
117465.0,117622.0,114706.0,116265.0,1938.43650897,2025-08-18
116295.0,116765.0,112702.0,112870.0,1676.74821297,2025-08-19
112870.0,114618.0,112353.0,114263.0,2261.15590441,2025-08-20
114263.0,114801.0,111972.0,112472.0,1865.84099631,2025-08-21
112471.0,117421.0,111658.0,116891.0,2747.02375092,2025-08-22
116908.0,116985.0,114536.0,115392.0,1011.7640787,2025-08-23
115391.0,115626.0,110671.0,113478.0,1706.85921657,2025-08-24
113491.0,113645.0,109283.0,110136.0,2458.05879872,2025-08-25
110128.0,112400.0,108717.0,111788.0,1921.06840005,2025-08-26
111789.0,112646.0,110381.0,111273.0,1115.69227815,2025-08-27
111272.0,113473.0,110876.0,112581.0,1313.36312523,2025-08-28
112581.0,112654.0,107488.0,108362.0,1977.32412474,2025-08-29
108376.0,108924.0,107389.0,108827.0,790.83013066,2025-08-30
108827.0,109503.0,108092.0,108269.0,747.36779711,2025-08-31
108268.0,109907.0,107270.0,109244.0,1584.06180608,2025-09-01
109255.0,111775.0,108426.0,111238.0,2118.59829056,2025-09-02
111238.0,112615.0,110550.0,111759.0,2089.17921268,2025-09-03
111758.0,112223.0,109343.0,110747.0,1931.55865495,2025-09-04
110738.0,113402.0,110226.0,110669.0,2214.24201717,2025-09-05
110668.0,111314.0,110021.0,110223.0,753.36082686,2025-09-06
110223.0,111597.0,110212.0,111144.0,1147.75813028,2025-09-07
111144.0,112935.0,110624.0,112098.0,1382.32507241,2025-09-08
112097.0,113279.0,110768.0,111531.0,1444.08044039,2025-09-09
111551.0,114348.0,110932.0,113988.0,1623.88652527,2025-09-10
113987.0,115533.0,113460.0,115533.0,1488.7439821,2025-09-11
115533.0,116805.0,114770.0,116108.0,2158.42031268,2025-09-12
116108.0,116364.0,115177.0,115981.0,637.92000888,2025-09-13
115980.0,116216.0,115190.0,115342.0,709.05249747,2025-09-14
115316.0,116786.0,114421.0,115387.0,1496.61808415,2025-09-15
115389.0,117006.0,114776.0,116837.0,1255.43431844,2025-09-16
116836.0,117323.0,114747.0,116477.0,2153.84805045,2025-09-17
116482.0,117968.0,116144.0,117125.0,2093.19820754,2025-09-18
117124.0,117506.0,115144.0,115702.0,1802.70990238,2025-09-19
115703.0,116197.0,115479.0,115759.0,1111.98890244,2025-09-20
115758.0,115901.0,115258.0,115292.0,789.19772796,2025-09-21
115275.0,115435.0,111986.0,112741.0,1951.76217647,2025-09-22
112741.0,113344.0,111463.0,112025.0,1468.03878727,2025-09-23
112025.0,114005.0,111115.0,113339.0,1320.90667792,2025-09-24
113351.0,113542.0,108652.0,109021.0,2615.57202808,2025-09-25
109021.0,110372.0,108676.0,109696.0,1849.1098284,2025-09-26
109694.0,109789.0,109130.0,109679.0,475.39719794,2025-09-27
109679.0,112375.0,109239.0,112203.0,789.14477935,2025-09-28
112203.0,114486.0,111597.0,114379.0,1866.13986072,2025-09-29
114359.0,114842.0,112714.0,114065.0,1873.80348877,2025-09-30
114079.0,118708.0,113982.0,118668.0,2297.03276139,2025-10-01
118674.0,121106.0,118355.0,120612.0,2079.67690093,2025-10-02
120645.0,123966.0,119353.0,122308.0,3097.07232266,2025-10-03
122329.0,122885.0,121575.0,122441.0,628.47218404,2025-10-04
122458.0,125725.0,122209.0,123519.0,1675.31764003,2025-10-05
123519.0,126272.0,123148.0,124728.0,2416.9019815,2025-10-06
124728.0,125235.0,120648.0,121395.0,2470.10489687,2025-10-07
121407.0,124220.0,121113.0,123345.0,2511.13170614,2025-10-08
123349.0,123819.0,119736.0,121695.0,2339.50892075,2025-10-09
121695.0,122582.0,109683.0,112996.0,4713.81894506,2025-10-10
112989.0,113444.0,109711.0,110764.0,2954.91390717,2025-10-11
110769.0,115854.0,109711.0,115090.0,2969.34386191,2025-10-12
115089.0,116035.0,113751.0,115265.0,1947.58068078,2025-10-13
115275.0,115508.0,109971.0,113078.0,2253.66732902,2025-10-14
113077.0,113655.0,110217.0,110804.0,2023.01367329,2025-10-15
110804.0,112012.0,107450.0,108206.0,3004.36833057,2025-10-16
108206.0,109261.0,103530.0,106476.0,4616.53928421,2025-10-17
106470.0,107534.0,106368.0,107220.0,852.54214319,2025-10-18
107214.0,109488.0,106137.0,108684.0,2023.09215463,2025-10-19
108683.0,111717.0,107452.0,110580.0,2416.65967333,2025-10-20
110580.0,114088.0,107460.0,108372.0,4329.34460736,2025-10-21
108324.0,109160.0,106101.0,107595.0,2975.12108444,2025-10-22
107572.0,111336.0,107510.0,110111.0,1735.25029935,2025-10-23
110110.0,112066.0,109731.0,111039.0,1412.66498963,2025-10-24
111038.0,111945.0,110704.0,111668.0,461.82280861,2025-10-25
111658.0,115447.0,111281.0,114551.0,953.31627049,2025-10-26
114551.0,116381.0,113856.0,114101.0,1510.78251849,2025-10-27
114101.0,116077.0,112218.0,112925.0,1398.6106738,2025-10-28
112920.0,113654.0,109265.0,110038.0,1666.55640703,2025-10-29
110037.0,111603.0,106303.0,108306.0,2489.03576718,2025-10-30
